{"0.878197018276683":{"userId":6},"0.6691354359813511":{"userId":6},"0.4094055053574299":{"userId":6},"0.16991867954132078":{"userId":6}}